Area,Area_Code,year_2017,year_2018,year_2019,year_2020,year_2021
country:United Kingdom,K02000001,2.9,4.4,3.8,-0.5,3.6
country:Great Britain,K03000001,2.9,4.5,3.8,-0.5,3.6
country:England,E92000001,2.9,4.6,3.8,-0.6,3.7
country:Wales,W92000004,3.5,4.2,2.9,1.5,2.8
country:Scotland,S92000003,2.3,3.1,4,-0.6,2.6
country:Northern Ireland,N92000002,3.7,3.2,4.4,-0.4,4.5
country:England and Wales,K04000001,3,4.6,3.7,-0.5,3.7
gor:North East,E12000001,2.4,3.1,3.6,0.8,3
gor:North West,E12000002,3.3,3.9,4.2,0.6,3.2
gor:Yorkshire and The Humber,E12000003,3.3,4.3,3.6,0.4,3.1
gor:East Midlands,E12000004,3.8,3.9,4.2,0.9,3.4
gor:West Midlands,E12000005,2.2,4,3.4,0.3,3.4
gor:East,E12000006,3.5,4.4,3.7,-1.1,4.2
gor:London,E12000007,2.2,6.2,3.4,-1.6,4
gor:South East,E12000008,3,4.2,3.8,-1.3,3.8
gor:South West,E12000009,3.1,4.7,4.5,-1,4.1
gor:Wales,W92000004,3.5,4.2,2.9,1.5,2.8
gor:Scotland,S92000003,2.3,3.1,4,-0.6,2.6
gor:Northern Ireland,N92000002,3.7,3.2,4.4,-0.4,4.5
ladu:Darlington,E06000005,4.6,2,3.1,4.1,2.8
ladu:County Durham,E06000047,2.4,3.4,3.4,0.7,3
ladu:Hartlepool,E06000001,2,5,0.7,1.7,3.4
ladu:Middlesbrough,E06000002,2,3.8,3.4,1.6,3.1
ladu:Northumberland,E06000057,2.6,2.6,3.5,-0.3,3.3
ladu:Redcar and Cleveland,E06000003,2.3,3.7,2.7,0.3,3
ladu:Stockton-on-Tees,E06000004,2.5,1.7,5.2,0.9,3
ladu:Gateshead,E08000037,2,4.6,3.4,-0.2,1.7
ladu:Newcastle upon Tyne,E08000021,1.6,4.3,5.5,-0.4,4
ladu:North Tyneside,E08000022,3,4.1,5,3.8,2
ladu:South Tyneside,E08000023,2.2,1.3,2,1.6,2.7
ladu:Sunderland,E08000024,2.4,1.4,3,0,3.1
ladu:Blackburn with Darwen,E06000008,5,4.8,5.6,3.9,3.8
ladu:Blackpool,E06000009,3.5,1.8,3.8,0.1,1.9
ladu:Cheshire East,E06000049,4.2,5.9,4.6,-0.6,4.3
ladu:Cheshire West and Chester,E06000050,4.8,4.4,3.7,-0.9,3.2
ladu:Halton,E06000006,3.8,5,2.4,1.8,1.6
ladu:Warrington,E06000007,2.9,4.5,4.1,-0.6,2.4
ladu:Allerdale,E07000026,2,3.1,2,-0.8,2.5
ladu:Barrow-in-Furness,E07000027,1.2,2.6,4,2.3,3.4
ladu:Carlisle,E07000028,1.9,3.3,2.3,2.1,1.6
ladu:Copeland,E07000029,1.5,-0.7,3.8,1.8,2.1
ladu:Eden,E07000030,2.2,4,3.4,-1.1,2.9
ladu:South Lakeland,E07000031,3,2.1,4.7,-4.8,4.1
ladu:Bolton,E08000001,4.2,2.8,3.7,0.4,3.5
ladu:Bury,E08000002,2.3,3.8,3.3,0.8,3.4
ladu:Manchester,E08000003,6.7,5.2,4.5,2.8,4.3
ladu:Oldham,E08000004,1.9,6.4,4.8,0.6,2.3
ladu:Rochdale,E08000005,2.6,2.8,5.9,1.5,2.8
ladu:Salford,E08000006,2.9,0.3,6.5,2.3,4.8
ladu:Stockport,E08000007,2.5,4.8,4.5,-0.5,3.2
ladu:Tameside,E08000008,3.6,3.4,4,0.8,1.9
ladu:Trafford,E08000009,2.5,8.1,3.8,-1.2,3.3
ladu:Wigan,E08000010,4.7,3.5,4.2,1.6,2.2
ladu:Burnley,E07000117,2.5,4.8,4.6,2.2,2.3
ladu:Chorley,E07000118,3.5,2.5,6.3,1.7,2.7
ladu:Fylde,E07000119,3,5.2,3.8,-2.2,3.7
ladu:Hyndburn,E07000120,2.7,2.6,5.7,0.1,1.5
ladu:Lancaster,E07000121,4.2,3.9,0.9,3,3
ladu:Pendle,E07000122,2,-0.1,4.2,0.1,3.2
ladu:Preston,E07000123,2.9,0.9,6,4.7,3.8
ladu:Ribble Valley,E07000124,3.2,5.1,2.9,-4.8,4.7
ladu:Rossendale,E07000125,2.2,3.4,1.1,0.8,3.1
ladu:South Ribble,E07000126,2.4,4,4.7,2,2.3
ladu:West Lancashire,E07000127,2.6,4.9,4.8,0,4.1
ladu:Wyre,E07000128,4.7,3.3,7.5,-0.5,3.8
ladu:Knowsley,E08000011,3.8,2.3,7.3,2.4,2.9
ladu:Liverpool,E08000012,2.7,3.2,3,2.3,3.5
ladu:Sefton,E08000014,2.2,2.2,2.5,1.2,2.3
ladu:St. Helens,E08000013,3.4,4,6.3,0.2,2.4
ladu:Wirral,E08000015,1.4,3.6,3.8,-0.9,3.1
ladu:East Riding of Yorkshire,E06000011,3.4,5.1,3.3,0,3.5
"ladu:Kingston upon Hull, City of",E06000010,3.6,4.1,2.8,2.2,2.2
ladu:North East Lincolnshire,E06000012,3.7,2.2,3.9,1.5,2.5
ladu:North Lincolnshire,E06000013,4.1,5,2.9,0.1,2.7
ladu:York,E06000014,3.4,5.7,3.6,-1.3,2.5
ladu:Craven,E07000163,3.8,2.2,4.1,1.8,2.4
ladu:Hambleton,E07000164,3.4,5.7,2.8,0.3,3.7
ladu:Harrogate,E07000165,3.3,5.8,3.7,-5.3,5.1
ladu:Richmondshire,E07000166,3.4,6.9,0.8,-2,4.7
ladu:Ryedale,E07000167,3.3,1.4,4.1,-0.8,2.6
ladu:Scarborough,E07000168,3.4,3.6,2.1,1.3,3
ladu:Selby,E07000169,3.8,6.7,7.2,0.4,3.5
ladu:Barnsley,E08000016,4.1,4.6,5.8,2.1,2.5
ladu:Doncaster,E08000017,3.6,3.9,0.8,1.4,2.7
ladu:Rotherham,E08000018,4,1.9,3.7,0.3,3.2
ladu:Sheffield,E08000019,2.4,4.7,2.7,0.2,2.8
ladu:Bradford,E08000032,2.4,2.6,3.9,1.4,2.5
ladu:Calderdale,E08000033,2.2,2.7,3.5,-1.1,1.9
ladu:Kirklees,E08000034,2.8,4.8,4.3,0,2.9
ladu:Leeds,E08000035,3.4,5.1,4.6,0.7,3.4
ladu:Wakefield,E08000036,4.9,3.7,3.2,2.6,4.2
ladu:Derby,E06000015,4.4,4.1,4.1,0.1,2
ladu:Leicester,E06000016,3.8,2.6,3.5,4.2,4.1
ladu:Nottingham,E06000018,2.2,3,4.8,2.3,3.1
ladu:Rutland,E06000017,4.5,7.9,6.6,-2.9,3.3
ladu:Amber Valley,E07000032,2.1,3.2,4.5,2,3.7
ladu:Bolsover,E07000033,4.4,3.1,5.1,6,3.2
ladu:Chesterfield,E07000034,4.8,3.3,7.4,2.6,2.3
ladu:Derbyshire Dales,E07000035,1.7,4.6,1.7,-6.8,5
ladu:Erewash,E07000036,1.6,4.5,3,1.1,2.5
ladu:High Peak,E07000037,2.3,0.1,2.8,0.8,3.6
ladu:North East Derbyshire,E07000038,3.4,6.1,2.3,1.3,4.1
ladu:South Derbyshire,E07000039,2.9,5.4,6.4,1.5,4.2
ladu:Blaby,E07000129,6.5,4.6,5.9,2.3,2.8
ladu:Charnwood,E07000130,5.6,3.2,8.2,-1.8,3.6
ladu:Harborough,E07000131,4.4,1.6,4.5,-1.7,4.9
ladu:Hinckley and Bosworth,E07000132,5.9,4.9,1.4,2,2.9
ladu:Melton,E07000133,4.5,5.2,1.7,0.6,3.8
ladu:North West Leicestershire,E07000134,6,2.8,6,4.7,3.3
ladu:Oadby and Wigston,E07000135,5.4,3.4,5.7,1.5,3.9
ladu:Boston,E07000136,3.3,1.9,6.5,-2.1,3.3
ladu:East Lindsey,E07000137,3.4,5.1,4.1,-1.1,4.4
ladu:Lincoln,E07000138,3.5,4.5,3.7,2.3,1
ladu:North Kesteven,E07000139,3.9,3.7,3.3,1.3,2.7
ladu:South Holland,E07000140,3.5,2.3,1.7,1.1,4.4
ladu:South Kesteven,E07000141,3.6,6.6,5.5,-0.3,3.5
ladu:West Lindsey,E07000142,4,1.4,4.5,2.6,4
ladu:Ashfield,E07000170,4,4.8,3.9,1.3,2.6
ladu:Bassetlaw,E07000171,3.3,4.2,4.6,0.6,3.4
ladu:Broxtowe,E07000172,1.9,2.1,3.1,2.8,3
ladu:Gedling,E07000173,2.5,1.9,4.8,-0.2,3
ladu:Mansfield,E07000174,4,4.2,3.2,3.5,2.2
ladu:Newark and Sherwood,E07000175,2.8,5.8,4.1,-2.1,4.6
ladu:Rushcliffe,E07000176,2.6,4.7,3.4,0.1,3.8
ladu:North Northamptonshire,E06000061,3.9,2.9,3.8,1.7,3.4
ladu:West Northamptonshire,E06000062,4.8,5.3,3.3,-0.3,3
"ladu:Herefordshire, County of",E06000019,1.1,4.3,4.5,0.3,3.3
ladu:Shropshire,E06000051,3,4.9,3.5,-0.8,3.8
ladu:Stoke-on-Trent,E06000021,2.8,5.1,2.6,0.1,2.1
ladu:Telford and Wrekin,E06000020,1.5,4.1,4.1,1.9,4.6
ladu:Cannock Chase,E07000192,3.1,4.3,3,3.4,2.8
ladu:East Staffordshire,E07000193,3.2,8.3,1.7,-0.8,3.4
ladu:Lichfield,E07000194,2.7,6.7,0.8,-1.2,4.7
ladu:Newcastle-under-Lyme,E07000195,2.2,3.5,3.7,0.4,4.4
ladu:South Staffordshire,E07000196,2.9,1.1,6.6,-2.2,4.7
ladu:Stafford,E07000197,2.9,3.9,5.9,-1.6,3.5
ladu:Staffordshire Moorlands,E07000198,2.6,2.5,1.1,1.3,4.2
ladu:Tamworth,E07000199,2.6,5.2,5.2,0.7,1.8
ladu:North Warwickshire,E07000218,2.1,0.4,3.8,0.1,3.3
ladu:Nuneaton and Bedworth,E07000219,2.3,2.5,4.5,1.8,3
ladu:Rugby,E07000220,1.8,0.7,4.9,0.1,3.7
ladu:Stratford-on-Avon,E07000221,0,1.4,3.7,-4.2,5.3
ladu:Warwick,E07000222,0.7,7.3,0.6,-0.5,3.4
ladu:Birmingham,E08000025,1.9,3.5,3.6,1.6,3.4
ladu:Coventry,E08000026,3.2,4.2,2.7,1.4,2.9
ladu:Dudley,E08000027,0.9,3.2,3,0.8,2.7
ladu:Sandwell,E08000028,2.1,3.4,3.9,1.6,3.4
ladu:Solihull,E08000029,2.4,4.1,3.2,-3.2,2.8
ladu:Walsall,E08000030,3.7,4.3,2.3,0.9,3.3
ladu:Wolverhampton,E08000031,2.5,3.9,3.5,2,2.8
ladu:Bromsgrove,E07000234,1.8,2.9,1,-0.6,3
ladu:Malvern Hills,E07000235,2,5.5,6.3,-2.1,4.8
ladu:Redditch,E07000236,3.5,5.2,3.8,2,-0.4
ladu:Worcester,E07000237,3,3.2,3.9,-0.1,2.7
ladu:Wychavon,E07000238,2.5,8.2,3,-0.1,4.8
ladu:Wyre Forest,E07000239,2.4,4.5,4.2,0.2,4.3
ladu:Bedford,E06000055,4.3,5,3.8,-0.2,4.5
ladu:Central Bedfordshire,E06000056,3.7,4.4,4.4,-0.7,4.9
ladu:Luton,E06000032,5.4,1.8,3.2,2.9,3
ladu:Peterborough,E06000031,3.1,3.5,4.5,1.1,4
ladu:Southend-on-Sea,E06000033,3.7,4.2,3.7,-0.8,4.1
ladu:Thurrock,E06000034,4.3,6.2,4.3,0.5,4
ladu:Cambridge,E07000008,2.6,4.1,7.5,-3.6,3.3
ladu:East Cambridgeshire,E07000009,2.7,4.9,3.3,-1.6,5.1
ladu:Fenland,E07000010,2.8,1.6,4.9,1.5,4.2
ladu:Huntingdonshire,E07000011,3.2,5,4.5,-0.8,3.4
ladu:South Cambridgeshire,E07000012,2.5,4.8,2.4,-2,5.3
ladu:Basildon,E07000066,2.9,5.6,4.6,-0.7,2.9
ladu:Braintree,E07000067,2.8,5.7,4.5,-1.1,4.2
ladu:Brentwood,E07000068,2.9,5.4,1,-3,5.1
ladu:Castle Point,E07000069,3.6,6.1,2.8,-1.9,3.1
ladu:Chelmsford,E07000070,4,5,6.5,-1.3,3.9
ladu:Colchester,E07000071,3.9,4.4,4.4,-1,4.8
ladu:Epping Forest,E07000072,5.9,6.6,1.8,-3.1,6.3
ladu:Harlow,E07000073,5.6,4.3,8.4,2.3,2.8
ladu:Maldon,E07000074,4.4,2.6,-0.4,2.4,5
ladu:Rochford,E07000075,3.6,4.9,2.8,-2.1,3.8
ladu:Tendring,E07000076,4.1,3.6,2.9,0.6,5
ladu:Uttlesford,E07000077,5.9,8.6,4.3,-2.7,4
ladu:Broxbourne,E07000095,3.8,2.8,4.4,-3.2,3.1
ladu:Dacorum,E07000096,4.3,4.8,-0.4,-0.7,4.5
ladu:East Hertfordshire,E07000242,3.6,5.7,3.5,-1.8,3.8
ladu:Hertsmere,E07000098,2.5,4.9,1.7,-2,6.3
ladu:North Hertfordshire,E07000099,3,3.8,0.9,-1.9,4.1
ladu:St Albans,E07000240,3.2,6,3.9,-4.9,5.2
ladu:Stevenage,E07000243,4.3,3,4.8,0.6,2.9
ladu:Three Rivers,E07000102,2.5,0.8,5,-4.4,5
ladu:Watford,E07000103,4,3,2.6,-0.4,3.4
ladu:Welwyn Hatfield,E07000241,2.7,1.8,5.1,-3.2,4.2
ladu:Breckland,E07000143,4.8,4.5,3.7,1.9,4.6
ladu:Broadland,E07000144,2.6,2.9,3,-0.9,5
ladu:Great Yarmouth,E07000145,2.3,6.2,2.1,4.3,3.4
ladu:King's Lynn and West Norfolk,E07000146,4.5,3.4,5.2,1.5,3
ladu:North Norfolk,E07000147,3.9,6.1,5.1,-6,3.6
ladu:Norwich,E07000148,1.3,3.1,7.1,-1,2.7
ladu:South Norfolk,E07000149,4.4,3.8,6.1,-0.3,5
ladu:Babergh,E07000200,3,4.7,2.8,-1.5,4.6
ladu:Ipswich,E07000202,2.6,1,4,5.6,0.4
ladu:Mid Suffolk,E07000203,3.3,4.8,4.1,-2.2,4.5
ladu:East Suffolk,E07000244,2.7,4.5,-0.6,-0.9,4.1
ladu:West Suffolk,E07000245,2.5,4.7,6.4,-3.9,4.6
ladu:Camden,E09000007,3.8,9.3,5,-3.7,6.6
ladu:City of London,E09000001,4.6,9.6,-1.1,-12,3.9
ladu:Hackney,E09000012,2.2,6.5,5.1,0.7,4.9
ladu:Hammersmith and Fulham,E09000013,2.3,4,1.1,-2.9,5.8
ladu:Haringey,E09000014,3.9,4.6,3.7,-2.2,5.1
ladu:Islington,E09000019,1.5,6.6,5.2,-2.4,3.3
ladu:Kensington and Chelsea,E09000020,2.6,6,-1,-5.9,6.8
ladu:Lambeth,E09000022,0.9,7.2,3.9,-1.5,3
ladu:Lewisham,E09000023,4.5,5.4,5.8,0.5,4.4
ladu:Newham,E09000025,5.7,7.6,5.8,1.9,4.8
ladu:Southwark,E09000028,3.3,8,2.9,0.4,4.9
ladu:Tower Hamlets,E09000030,3.4,6.9,5.3,-0.5,5.8
ladu:Wandsworth,E09000032,1.7,6.2,4,-2.7,4.9
ladu:Westminster,E09000033,1.2,5.1,1.3,-5.7,4.3
ladu:Barking and Dagenham,E09000002,3.3,6.8,4.5,4.1,1.6
ladu:Barnet,E09000003,1.8,6.4,2.7,-1.4,3.9
ladu:Bexley,E09000004,1.6,4.4,4,-0.6,2.5
ladu:Brent,E09000005,2.2,6.6,2.5,-1.8,3
ladu:Bromley,E09000006,0.9,6.1,2.8,-1.8,3.2
ladu:Croydon,E09000008,2.3,6.5,3.9,0.7,2.4
ladu:Ealing,E09000009,0,3.4,2.5,0.8,2.3
ladu:Enfield,E09000010,0.8,4.8,4.2,0.2,3.3
ladu:Greenwich,E09000011,2.8,5.6,5.3,0.7,2.7
ladu:Harrow,E09000015,2.1,5.4,1.2,-2.4,4.8
ladu:Havering,E09000016,3.2,5.7,2.7,-0.8,3.2
ladu:Hillingdon,E09000017,1.5,4.8,4.1,-0.5,2.6
ladu:Hounslow,E09000018,1.5,6.3,4.9,-0.4,2.4
ladu:Kingston upon Thames,E09000021,0.3,8.5,1.8,-0.2,2.5
ladu:Merton,E09000024,0.2,5.7,5.1,-2.4,4.5
ladu:Redbridge,E09000026,4.2,7.4,2.3,-0.4,4.5
ladu:Richmond upon Thames,E09000027,1.1,8.1,3.4,-4.3,3.8
ladu:Sutton,E09000029,0.8,6.5,3.6,-2.2,3.6
ladu:Waltham Forest,E09000031,4.3,6.3,4.2,0,2.4
ladu:Bracknell Forest,E06000036,2.9,3,5.5,2.2,3.3
ladu:Brighton and Hove,E06000043,3.7,4.5,3,-2.1,3.6
ladu:Isle of Wight,E06000046,2.9,4.7,4.2,0.3,3.1
ladu:Medway,E06000035,2.6,3.3,3.9,1.2,3.4
ladu:Milton Keynes,E06000042,4.4,4.9,2.4,1.2,3.3
ladu:Portsmouth,E06000044,3.4,3.7,4.1,1.8,2.2
ladu:Reading,E06000038,3.8,2.6,7.7,-1.3,2
ladu:Slough,E06000039,4.7,4.3,5.4,1.2,2.4
ladu:Southampton,E06000045,4.7,3.8,3.4,-0.2,1.5
ladu:West Berkshire,E06000037,2.6,2.4,5.8,-2.5,3.6
ladu:Windsor and Maidenhead,E06000040,2.7,2.3,5.8,-2.1,3.4
ladu:Wokingham,E06000041,2.4,8.5,2.2,-1,4.2
ladu:Buckinghamshire,E06000060,2.7,3.6,3.8,-2.9,4.8
ladu:Eastbourne,E07000061,1.6,0.5,1.7,1.1,3.2
ladu:Hastings,E07000062,1.8,5.6,3,1.7,3.6
ladu:Lewes,E07000063,2.2,2.7,6,-4.6,4.2
ladu:Rother,E07000064,2.3,3.7,-0.2,0.9,4.7
ladu:Wealden,E07000065,2.1,2,4,-2.3,5.2
ladu:Basingstoke and Deane,E07000084,3.9,4.2,2.2,-1.7,3.8
ladu:East Hampshire,E07000085,2.7,3.6,4,-3,3.8
ladu:Eastleigh,E07000086,1.6,5.1,3.9,-1.1,2.6
ladu:Fareham,E07000087,1.9,3.3,5.5,-4,2.4
ladu:Gosport,E07000088,2.1,2.6,3.5,0.3,1.2
ladu:Hart,E07000089,2.8,4.6,3.9,-1.2,3.8
ladu:Havant,E07000090,1.7,2.3,2.3,0.7,2.1
ladu:New Forest,E07000091,3,2.4,4.1,-2.3,3.4
ladu:Rushmoor,E07000092,4,3.1,4.8,0.6,2
ladu:Test Valley,E07000093,2.8,6.4,2.4,-1,4.3
ladu:Winchester,E07000094,3.8,6.4,5.2,-2.7,4.9
ladu:Ashford,E07000105,2.8,3,3.6,1.8,4.6
ladu:Canterbury,E07000106,2.3,3.4,3.9,0.9,4.4
ladu:Dartford,E07000107,4.1,5.4,3.8,1.1,4.7
ladu:Dover,E07000108,2.6,4.3,4,-0.5,3.5
ladu:Gravesham,E07000109,4,2.6,6.8,-0.1,3.4
ladu:Maidstone,E07000110,3.2,5.4,3.9,-1.1,4.6
ladu:Sevenoaks,E07000111,2.4,2.3,1.6,-2.7,4.4
ladu:Folkestone and Hythe,E07000112,3,2.2,2.4,1.4,4.5
ladu:Swale,E07000113,3.7,5.4,4.3,-1.1,4.4
ladu:Thanet,E07000114,2.5,3.6,3.3,2.9,4.3
ladu:Tonbridge and Malling,E07000115,2.9,5.7,4.1,-1,3.6
ladu:Tunbridge Wells,E07000116,3.4,7.6,3.9,-3.8,4.2
ladu:Cherwell,E07000177,3.5,5.2,6.4,-1,3.8
ladu:Oxford,E07000178,4.9,3.2,6,-2.2,2.1
ladu:South Oxfordshire,E07000179,3.3,2.8,7.2,-1.5,4.5
ladu:Vale of White Horse,E07000180,3.8,4.3,5.2,1.4,3.8
ladu:West Oxfordshire,E07000181,3,6.5,0.6,-3.2,4.2
ladu:Elmbridge,E07000207,2.7,4,5.6,-4.6,7
ladu:Epsom and Ewell,E07000208,2.8,2.6,1.6,-2.7,3.9
ladu:Guildford,E07000209,2.6,4.5,3.4,-3.8,5.9
ladu:Mole Valley,E07000210,2.6,4.2,2.3,-1.6,3.2
ladu:Reigate and Banstead,E07000211,2.6,3.5,5.4,-2.4,4.9
ladu:Runnymede,E07000212,3.4,7.3,3,-0.6,4.7
ladu:Spelthorne,E07000213,3.2,5.6,3.2,0.4,2.7
ladu:Surrey Heath,E07000214,3.4,4.7,4.5,-3.7,3.1
ladu:Tandridge,E07000215,2.8,5.9,3.6,-4.3,4.4
ladu:Waverley,E07000216,2.1,6.8,1.2,-2,6
ladu:Woking,E07000217,3.7,2.9,1.4,-3.8,3.9
ladu:Adur,E07000223,3.4,2.9,4.1,-0.3,3.9
ladu:Arun,E07000224,3.5,3.8,0.5,-0.2,4.2
ladu:Chichester,E07000225,2.9,3.3,3.8,-3.5,4.4
ladu:Crawley,E07000226,3.5,7.5,3.3,-3.3,0.9
ladu:Horsham,E07000227,2.8,5.5,3.1,-1.7,3.5
ladu:Mid Sussex,E07000228,2.6,3.7,5.4,-1.8,1.8
ladu:Worthing,E07000229,3.9,6.2,2.3,0.2,3.4
ladu:Bath and North East Somerset,E06000022,2,5.1,4.9,-4.1,4.2
"ladu:Bristol, City of",E06000023,4.3,4.7,5.9,-0.7,4
ladu:Cornwall,E06000052,4.9,3,4.9,1.2,4.7
ladu:Isles of Scilly,E06000053,6.1,-2.1,5.8,3.7,-1
ladu:North Somerset,E06000024,1.8,3.5,5.2,-0.9,3.7
ladu:Plymouth,E06000026,4.3,3.1,4,0.1,2.2
ladu:South Gloucestershire,E06000025,2.1,8.2,1.4,-1.4,3.7
ladu:Swindon,E06000030,2.8,4.6,4.6,-0.4,3
ladu:Torbay,E06000027,3,3.2,3.4,1.4,5
ladu:Wiltshire,E06000054,3.9,5.7,4.9,-1.7,3.6
ladu:East Devon,E07000040,3.4,5.8,5.7,-2.7,5.2
ladu:Exeter,E07000041,3.9,6.4,4.1,0.4,2.9
ladu:Mid Devon,E07000042,3.5,6.7,3.6,2,4.8
ladu:North Devon,E07000043,3.3,1.9,6.6,-0.6,6.3
ladu:South Hams,E07000044,2.7,4.5,4.4,-2.6,5.9
ladu:Teignbridge,E07000045,3.1,5.5,4.5,0.3,4.4
ladu:Torridge,E07000046,3.5,5.1,2.3,2,4.6
ladu:West Devon,E07000047,2.5,3.1,1.8,-3.1,4.5
"ladu:Bournemouth, Christchurch and Poole",E06000058,2.8,4.4,4.6,-2.1,4.1
ladu:Dorset,E06000059,2.3,4.6,4.4,-1.7,3.7
ladu:Cheltenham,E07000078,1.7,4.8,4.3,-2.2,4.1
ladu:Cotswold,E07000079,1.1,5.9,5.5,-5.9,5.7
ladu:Forest of Dean,E07000080,2,6.1,3.8,1,3.4
ladu:Gloucester,E07000081,1.5,1.5,5.6,1.9,1.7
ladu:Stroud,E07000082,1.8,5.9,3.7,-3.7,5.1
ladu:Tewkesbury,E07000083,1.8,3.8,3.9,1.1,4.1
ladu:Mendip,E07000187,3.1,7.1,1.7,-0.9,4.4
ladu:Sedgemoor,E07000188,3.6,6.8,6.3,-0.6,4.9
ladu:South Somerset,E07000189,3,0.9,5,-1.9,4.9
ladu:Somerset West and Taunton,E07000246,3.6,5.1,5.7,-0.2,4.4
ladu:Isle of Anglesey,W06000001,2.6,3.1,1.4,1.1,3
ladu:Gwynedd,W06000002,2.6,2.6,2.7,0.8,3.4
ladu:Conwy,W06000003,3.1,4.5,3.1,0.3,3.4
ladu:Denbighshire,W06000004,3,4,-0.4,1.2,2.6
ladu:Flintshire,W06000005,3.4,5.2,2.3,0.9,1.5
ladu:Wrexham,W06000006,3,0.1,0.9,0.7,1.6
ladu:Powys,W06000023,5.7,3.8,3.7,0.8,4.5
ladu:Ceredigion,W06000008,2.8,4.3,3.1,0.6,4.7
ladu:Pembrokeshire,W06000009,2.5,3.9,2.7,0.6,3.4
ladu:Carmarthenshire,W06000010,1.9,4.1,2.9,1.1,3.1
ladu:Swansea,W06000011,3.5,4,3.3,2.7,2.8
ladu:Neath Port Talbot,W06000012,3.9,0.5,5.4,1.5,1.5
ladu:Bridgend,W06000013,4.3,6.5,1.9,2.6,0.9
ladu:Vale of Glamorgan,W06000014,5.5,7.3,4.2,1.5,3.8
ladu:Cardiff,W06000015,4.6,4.9,2.4,2.9,3.2
ladu:Rhondda Cynon Taff,W06000016,4.1,4.4,3.8,1.5,2.7
ladu:Merthyr Tydfil,W06000024,3.7,3.5,0.2,1.2,2.1
ladu:Caerphilly,W06000018,2.4,2.6,5.3,1.1,2.8
ladu:Blaenau Gwent,W06000019,2.4,4.5,0.5,3.4,1.4
ladu:Torfaen,W06000020,2.2,7.1,3,2,1.7
ladu:Monmouthshire,W06000021,3.7,4.8,6.5,-1.9,3
ladu:Newport,W06000022,3.1,6.2,1.5,2.8,2.6
ladu:Aberdeen City,S12000033,0.1,0.4,3.7,-2.9,0.7
ladu:Aberdeenshire,S12000034,0.2,4.2,2.5,-2.2,2.4
ladu:Angus,S12000041,0.5,2.5,1.7,-2.5,2.3
ladu:Argyll and Bute,S12000035,2.1,4.9,5.8,-0.8,3.3
ladu:Clackmannanshire,S12000005,1.9,1.1,5.9,-3.3,2.6
ladu:Dumfries and Galloway,S12000006,1,1.4,4.5,0,4.3
ladu:Dundee City,S12000042,1.4,3.1,6.9,0.4,1.3
ladu:East Ayrshire,S12000008,1.5,0.5,4.2,-0.5,2.6
ladu:East Dunbartonshire,S12000045,3.9,3.3,0,-2.1,2.8
ladu:East Lothian,S12000010,2.6,3.1,7.8,0.1,4.5
ladu:East Renfrewshire,S12000011,1.6,2.8,-3.3,-0.4,3.6
ladu:City of Edinburgh,S12000036,3.8,4.9,7.2,-1.6,3.2
ladu:Na h-Eileanan Siar,S12000013,3,5.6,5.5,-2,2.3
ladu:Falkirk,S12000014,4.6,4.5,3.1,-1.8,1.4
ladu:Fife,S12000047,2.7,1.8,3.3,0.7,2.7
ladu:Glasgow City,S12000049,2.5,2.5,5,1.2,2.9
ladu:Highland,S12000017,2.1,3.1,4.1,-1.1,3.5
ladu:Inverclyde,S12000018,1.7,2.7,4.5,-2.2,1.7
ladu:Midlothian,S12000019,1.3,5.1,1.4,2.4,4
ladu:Moray,S12000020,2.9,3.8,5,-0.9,1.7
ladu:North Ayrshire,S12000021,1.6,4.3,2,0.3,1.6
ladu:North Lanarkshire,S12000050,1.7,2.4,3,0,1.9
ladu:Orkney Islands,S12000023,2.3,3.5,3.9,0.7,4.5
ladu:Perth and Kinross,S12000048,2.5,4,4.5,-0.9,3
ladu:Renfrewshire,S12000038,2.6,3.5,5.4,0.1,1.7
ladu:Scottish Borders,S12000026,2.3,1.4,5.4,-0.1,4.1
ladu:Shetland Islands,S12000027,-0.9,0.2,5.4,-1.1,2.3
ladu:South Ayrshire,S12000028,1.1,2,1.6,-0.7,2.9
ladu:South Lanarkshire,S12000029,3.4,4,3.8,1,2.6
ladu:Stirling,S12000030,1.9,2,3,-2.3,1.7
ladu:West Dunbartonshire,S12000039,5,4.9,3.5,-1.2,1.4
ladu:West Lothian,S12000040,3.7,3.6,2.4,0.6,2.7
ladu:Antrim and Newtownabbey,N09000001,3.6,2.6,5.1,0,4.3
"ladu:Armagh City, Banbridge and Craigavon",N09000002,3.2,3,4.6,0.4,5.6
ladu:Belfast,N09000003,2.8,4.1,4,0,5.1
ladu:Causeway Coast and Glens,N09000004,4.2,2,3.8,-2.1,0.2
ladu:Derry City and Strabane,N09000005,2.9,1.7,5.7,1.4,6
ladu:Fermanagh and Omagh,N09000006,3.8,2.1,5.6,0.3,5
ladu:Lisburn and Castlereagh,N09000007,3.5,4.3,3.4,-0.8,3.5
ladu:Mid and East Antrim,N09000008,2.2,3.3,2.4,-3.1,3.1
ladu:Mid Ulster,N09000009,7.7,3.5,5,-0.9,5.1
"ladu:Newry, Mourne and Down",N09000010,4.3,3.8,4.8,0.4,5.2
ladu:Ards and North Down,N09000011,4.3,2.8,5.1,-0.3,4.5
lacu:Darlington,E06000005,4.6,2,3.1,4.1,2.8
lacu:County Durham,E06000047,2.4,3.4,3.4,0.7,3
lacu:Hartlepool,E06000001,2,5,0.7,1.7,3.4
lacu:Middlesbrough,E06000002,2,3.8,3.4,1.6,3.1
lacu:Northumberland,E06000057,2.6,2.6,3.5,-0.3,3.3
lacu:Redcar and Cleveland,E06000003,2.3,3.7,2.7,0.3,3
lacu:Stockton-on-Tees,E06000004,2.5,1.7,5.2,0.9,3
lacu:Gateshead,E08000037,2,4.6,3.4,-0.2,1.7
lacu:Newcastle upon Tyne,E08000021,1.6,4.3,5.5,-0.4,4
lacu:North Tyneside,E08000022,3,4.1,5,3.8,2
lacu:South Tyneside,E08000023,2.2,1.3,2,1.6,2.7
lacu:Sunderland,E08000024,2.4,1.4,3,0,3.1
lacu:Blackburn with Darwen,E06000008,5,4.8,5.6,3.9,3.8
lacu:Blackpool,E06000009,3.5,1.8,3.8,0.1,1.9
lacu:Cheshire East,E06000049,4.2,5.9,4.6,-0.6,4.3
lacu:Cheshire West and Chester,E06000050,4.8,4.4,3.7,-0.9,3.2
lacu:Halton,E06000006,3.8,5,2.4,1.8,1.6
lacu:Warrington,E06000007,2.9,4.5,4.1,-0.6,2.4
lacu:Cumbria,E10000006,2.1,2.4,3.4,-0.6,2.8
lacu:Bolton,E08000001,4.2,2.8,3.7,0.4,3.5
lacu:Bury,E08000002,2.3,3.8,3.3,0.8,3.4
lacu:Manchester,E08000003,6.7,5.2,4.5,2.8,4.3
lacu:Oldham,E08000004,1.9,6.4,4.8,0.6,2.3
lacu:Rochdale,E08000005,2.6,2.8,5.9,1.5,2.8
lacu:Salford,E08000006,2.9,0.3,6.5,2.3,4.8
lacu:Stockport,E08000007,2.5,4.8,4.5,-0.5,3.2
lacu:Tameside,E08000008,3.6,3.4,4,0.8,1.9
lacu:Trafford,E08000009,2.5,8.1,3.8,-1.2,3.3
lacu:Wigan,E08000010,4.7,3.5,4.2,1.6,2.2
lacu:Lancashire,E10000017,3.1,3.4,4.5,0.8,3.2
lacu:Knowsley,E08000011,3.8,2.3,7.3,2.4,2.9
lacu:Liverpool,E08000012,2.7,3.2,3,2.3,3.5
lacu:Sefton,E08000014,2.2,2.2,2.5,1.2,2.3
lacu:St. Helens,E08000013,3.4,4,6.3,0.2,2.4
lacu:Wirral,E08000015,1.4,3.6,3.8,-0.9,3.1
lacu:East Riding of Yorkshire,E06000011,3.4,5.1,3.3,0,3.5
"lacu:Kingston upon Hull, City of",E06000010,3.6,4.1,2.8,2.2,2.2
lacu:North East Lincolnshire,E06000012,3.7,2.2,3.9,1.5,2.5
lacu:North Lincolnshire,E06000013,4.1,5,2.9,0.1,2.7
lacu:York,E06000014,3.4,5.7,3.6,-1.3,2.5
lacu:North Yorkshire,E10000023,3.4,4.9,3.6,-1.5,3.9
lacu:Barnsley,E08000016,4.1,4.6,5.8,2.1,2.5
lacu:Doncaster,E08000017,3.6,3.9,0.8,1.4,2.7
lacu:Rotherham,E08000018,4,1.9,3.7,0.3,3.2
lacu:Sheffield,E08000019,2.4,4.7,2.7,0.2,2.8
lacu:Bradford,E08000032,2.4,2.6,3.9,1.4,2.5
lacu:Calderdale,E08000033,2.2,2.7,3.5,-1.1,1.9
lacu:Kirklees,E08000034,2.8,4.8,4.3,0,2.9
lacu:Leeds,E08000035,3.4,5.1,4.6,0.7,3.4
lacu:Wakefield,E08000036,4.9,3.7,3.2,2.6,4.2
lacu:Derby,E06000015,4.4,4.1,4.1,0.1,2
lacu:Leicester,E06000016,3.8,2.6,3.5,4.2,4.1
lacu:Nottingham,E06000018,2.2,3,4.8,2.3,3.1
lacu:Rutland,E06000017,4.5,7.9,6.6,-2.9,3.3
lacu:Derbyshire,E10000007,2.8,3.8,4.1,0.9,3.6
lacu:Leicestershire,E10000018,5.5,3.5,5.1,0.7,3.6
lacu:Lincolnshire,E10000019,3.6,4,4.2,0.5,3.4
lacu:Nottinghamshire,E10000024,3,4,3.9,0.7,3.3
lacu:North Northamptonshire,E06000061,3.9,2.9,3.8,1.7,3.4
lacu:West Northamptonshire,E06000062,4.8,5.3,3.3,-0.3,3
"lacu:Herefordshire, County of",E06000019,1.1,4.3,4.5,0.3,3.3
lacu:Shropshire,E06000051,3,4.9,3.5,-0.8,3.8
lacu:Stoke-on-Trent,E06000021,2.8,5.1,2.6,0.1,2.1
lacu:Telford and Wrekin,E06000020,1.5,4.1,4.1,1.9,4.6
lacu:Staffordshire,E10000028,2.8,4.4,3.5,-0.3,3.8
lacu:Warwickshire,E10000031,1.1,3,3.1,-1,3.9
lacu:Birmingham,E08000025,1.9,3.5,3.6,1.6,3.4
lacu:Coventry,E08000026,3.2,4.2,2.7,1.4,2.9
lacu:Dudley,E08000027,0.9,3.2,3,0.8,2.7
lacu:Sandwell,E08000028,2.1,3.4,3.9,1.6,3.4
lacu:Solihull,E08000029,2.4,4.1,3.2,-3.2,2.8
lacu:Walsall,E08000030,3.7,4.3,2.3,0.9,3.3
lacu:Wolverhampton,E08000031,2.5,3.9,3.5,2,2.8
lacu:Worcestershire,E10000034,2.5,5.1,3.5,-0.2,3.4
lacu:Bedford,E06000055,4.3,5,3.8,-0.2,4.5
lacu:Central Bedfordshire,E06000056,3.7,4.4,4.4,-0.7,4.9
lacu:Luton,E06000032,5.4,1.8,3.2,2.9,3
lacu:Peterborough,E06000031,3.1,3.5,4.5,1.1,4
lacu:Southend-on-Sea,E06000033,3.7,4.2,3.7,-0.8,4.1
lacu:Thurrock,E06000034,4.3,6.2,4.3,0.5,4
lacu:Cambridgeshire,E10000003,2.8,4.3,4.4,-1.6,4.2
lacu:Essex,E10000012,4.1,5.3,3.8,-1.2,4.3
lacu:Hertfordshire,E10000015,3.3,4,2.9,-2.4,4.4
lacu:Norfolk,E10000020,3.5,4.1,4.7,-0.2,3.9
lacu:Suffolk,E10000029,2.8,4.1,2.8,-0.9,3.7
lacu:Camden,E09000007,3.8,9.3,5,-3.7,6.6
lacu:City of London,E09000001,4.6,9.6,-1.1,-12,3.9
lacu:Hackney,E09000012,2.2,6.5,5.1,0.7,4.9
lacu:Hammersmith and Fulham,E09000013,2.3,4,1.1,-2.9,5.8
lacu:Haringey,E09000014,3.9,4.6,3.7,-2.2,5.1
lacu:Islington,E09000019,1.5,6.6,5.2,-2.4,3.3
lacu:Kensington and Chelsea,E09000020,2.6,6,-1,-5.9,6.8
lacu:Lambeth,E09000022,0.9,7.2,3.9,-1.5,3
lacu:Lewisham,E09000023,4.5,5.4,5.8,0.5,4.4
lacu:Newham,E09000025,5.7,7.6,5.8,1.9,4.8
lacu:Southwark,E09000028,3.3,8,2.9,0.4,4.9
lacu:Tower Hamlets,E09000030,3.4,6.9,5.3,-0.5,5.8
lacu:Wandsworth,E09000032,1.7,6.2,4,-2.7,4.9
lacu:Westminster,E09000033,1.2,5.1,1.3,-5.7,4.3
lacu:Barking and Dagenham,E09000002,3.3,6.8,4.5,4.1,1.6
lacu:Barnet,E09000003,1.8,6.4,2.7,-1.4,3.9
lacu:Bexley,E09000004,1.6,4.4,4,-0.6,2.5
lacu:Brent,E09000005,2.2,6.6,2.5,-1.8,3
lacu:Bromley,E09000006,0.9,6.1,2.8,-1.8,3.2
lacu:Croydon,E09000008,2.3,6.5,3.9,0.7,2.4
lacu:Ealing,E09000009,0,3.4,2.5,0.8,2.3
lacu:Enfield,E09000010,0.8,4.8,4.2,0.2,3.3
lacu:Greenwich,E09000011,2.8,5.6,5.3,0.7,2.7
lacu:Harrow,E09000015,2.1,5.4,1.2,-2.4,4.8
lacu:Havering,E09000016,3.2,5.7,2.7,-0.8,3.2
lacu:Hillingdon,E09000017,1.5,4.8,4.1,-0.5,2.6
lacu:Hounslow,E09000018,1.5,6.3,4.9,-0.4,2.4
lacu:Kingston upon Thames,E09000021,0.3,8.5,1.8,-0.2,2.5
lacu:Merton,E09000024,0.2,5.7,5.1,-2.4,4.5
lacu:Redbridge,E09000026,4.2,7.4,2.3,-0.4,4.5
lacu:Richmond upon Thames,E09000027,1.1,8.1,3.4,-4.3,3.8
lacu:Sutton,E09000029,0.8,6.5,3.6,-2.2,3.6
lacu:Waltham Forest,E09000031,4.3,6.3,4.2,0,2.4
lacu:Bracknell Forest,E06000036,2.9,3,5.5,2.2,3.3
lacu:Brighton and Hove,E06000043,3.7,4.5,3,-2.1,3.6
lacu:Isle of Wight,E06000046,2.9,4.7,4.2,0.3,3.1
lacu:Medway,E06000035,2.6,3.3,3.9,1.2,3.4
lacu:Milton Keynes,E06000042,4.4,4.9,2.4,1.2,3.3
lacu:Portsmouth,E06000044,3.4,3.7,4.1,1.8,2.2
lacu:Reading,E06000038,3.8,2.6,7.7,-1.3,2
lacu:Slough,E06000039,4.7,4.3,5.4,1.2,2.4
lacu:Southampton,E06000045,4.7,3.8,3.4,-0.2,1.5
lacu:West Berkshire,E06000037,2.6,2.4,5.8,-2.5,3.6
lacu:Windsor and Maidenhead,E06000040,2.7,2.3,5.8,-2.1,3.4
lacu:Wokingham,E06000041,2.4,8.5,2.2,-1,4.2
lacu:Buckinghamshire,E06000060,2.7,3.6,3.8,-2.9,4.8
lacu:East Sussex,E10000011,2,2.6,3.1,-1.1,4.3
lacu:Hampshire,E10000014,2.9,4.1,3.7,-1.6,3.3
lacu:Kent,E10000016,3,4.3,3.7,-0.4,4.2
lacu:Oxfordshire,E10000025,3.7,4.3,5.3,-1.2,3.7
lacu:Surrey,E10000030,2.8,4.6,3.4,-2.8,4.8
lacu:West Sussex,E10000032,3.1,4.6,3.2,-1.6,3.2
lacu:Bath and North East Somerset,E06000022,2,5.1,4.9,-4.1,4.2
"lacu:Bristol, City of",E06000023,4.3,4.7,5.9,-0.7,4
lacu:Cornwall,E06000052,4.9,3,4.9,1.2,4.7
lacu:Isles of Scilly,E06000053,6.1,-2.1,5.8,3.7,-1
lacu:North Somerset,E06000024,1.8,3.5,5.2,-0.9,3.7
lacu:Plymouth,E06000026,4.3,3.1,4,0.1,2.2
"lacu:Bournemouth, Christchurch and Poole",E06000058,2.8,4.4,4.6,-2.1,4.1
lacu:South Gloucestershire,E06000025,2.1,8.2,1.4,-1.4,3.7
lacu:Swindon,E06000030,2.8,4.6,4.6,-0.4,3
lacu:Torbay,E06000027,3,3.2,3.4,1.4,5
lacu:Wiltshire,E06000054,3.9,5.7,4.9,-1.7,3.6
lacu:Devon,E10000008,3.3,5,4.4,-0.7,4.8
lacu:Dorset,E06000059,2.3,4.6,4.4,-1.7,3.7
lacu:Gloucestershire,E10000013,1.6,4.7,4.5,-1.8,4.1
lacu:Somerset,E10000027,3.3,4.6,4.7,-1,4.7
lacu:Isle of Anglesey,W06000001,2.6,3.1,1.4,1.1,3
lacu:Gwynedd,W06000002,2.6,2.6,2.7,0.8,3.4
lacu:Conwy,W06000003,3.1,4.5,3.1,0.3,3.4
lacu:Denbighshire,W06000004,3,4,-0.4,1.2,2.6
lacu:Flintshire,W06000005,3.4,5.2,2.3,0.9,1.5
lacu:Wrexham,W06000006,3,0.1,0.9,0.7,1.6
lacu:Powys,W06000023,5.7,3.8,3.7,0.8,4.5
lacu:Ceredigion,W06000008,2.8,4.3,3.1,0.6,4.7
lacu:Pembrokeshire,W06000009,2.5,3.9,2.7,0.6,3.4
lacu:Carmarthenshire,W06000010,1.9,4.1,2.9,1.1,3.1
lacu:Swansea,W06000011,3.5,4,3.3,2.7,2.8
lacu:Neath Port Talbot,W06000012,3.9,0.5,5.4,1.5,1.5
lacu:Bridgend,W06000013,4.3,6.5,1.9,2.6,0.9
lacu:Vale of Glamorgan,W06000014,5.5,7.3,4.2,1.5,3.8
lacu:Cardiff,W06000015,4.6,4.9,2.4,2.9,3.2
lacu:Rhondda Cynon Taff,W06000016,4.1,4.4,3.8,1.5,2.7
lacu:Merthyr Tydfil,W06000024,3.7,3.5,0.2,1.2,2.1
lacu:Caerphilly,W06000018,2.4,2.6,5.3,1.1,2.8
lacu:Blaenau Gwent,W06000019,2.4,4.5,0.5,3.4,1.4
lacu:Torfaen,W06000020,2.2,7.1,3,2,1.7
lacu:Monmouthshire,W06000021,3.7,4.8,6.5,-1.9,3
lacu:Newport,W06000022,3.1,6.2,1.5,2.8,2.6
lacu:Aberdeen City,S12000033,0.1,0.4,3.7,-2.9,0.7
lacu:Aberdeenshire,S12000034,0.2,4.2,2.5,-2.2,2.4
lacu:Angus,S12000041,0.5,2.5,1.7,-2.5,2.3
lacu:Argyll and Bute,S12000035,2.1,4.9,5.8,-0.8,3.3
lacu:Clackmannanshire,S12000005,1.9,1.1,5.9,-3.3,2.6
lacu:Dumfries and Galloway,S12000006,1,1.4,4.5,0,4.3
lacu:Dundee City,S12000042,1.4,3.1,6.9,0.4,1.3
lacu:East Ayrshire,S12000008,1.5,0.5,4.2,-0.5,2.6
lacu:East Dunbartonshire,S12000045,3.9,3.3,0,-2.1,2.8
lacu:East Lothian,S12000010,2.6,3.1,7.8,0.1,4.5
lacu:East Renfrewshire,S12000011,1.6,2.8,-3.3,-0.4,3.6
lacu:City of Edinburgh,S12000036,3.8,4.9,7.2,-1.6,3.2
lacu:Na h-Eileanan Siar,S12000013,3,5.6,5.5,-2,2.3
lacu:Falkirk,S12000014,4.6,4.5,3.1,-1.8,1.4
lacu:Fife,S12000047,2.7,1.8,3.3,0.7,2.7
lacu:Glasgow City,S12000049,2.5,2.5,5,1.2,2.9
lacu:Highland,S12000017,2.1,3.1,4.1,-1.1,3.5
lacu:Inverclyde,S12000018,1.7,2.7,4.5,-2.2,1.7
lacu:Midlothian,S12000019,1.3,5.1,1.4,2.4,4
lacu:Moray,S12000020,2.9,3.8,5,-0.9,1.7
lacu:North Ayrshire,S12000021,1.6,4.3,2,0.3,1.6
lacu:North Lanarkshire,S12000050,1.7,2.4,3,0,1.9
lacu:Orkney Islands,S12000023,2.3,3.5,3.9,0.7,4.5
lacu:Perth and Kinross,S12000048,2.5,4,4.5,-0.9,3
lacu:Renfrewshire,S12000038,2.6,3.5,5.4,0.1,1.7
lacu:Scottish Borders,S12000026,2.3,1.4,5.4,-0.1,4.1
lacu:Shetland Islands,S12000027,-0.9,0.2,5.4,-1.1,2.3
lacu:South Ayrshire,S12000028,1.1,2,1.6,-0.7,2.9
lacu:South Lanarkshire,S12000029,3.4,4,3.8,1,2.6
lacu:Stirling,S12000030,1.9,2,3,-2.3,1.7
lacu:West Dunbartonshire,S12000039,5,4.9,3.5,-1.2,1.4
lacu:West Lothian,S12000040,3.7,3.6,2.4,0.6,2.7
lacu:Antrim and Newtownabbey,N09000001,3.6,2.6,5.1,0,4.3
"lacu:Armagh City, Banbridge and Craigavon",N09000002,3.2,3,4.6,0.4,5.6
lacu:Belfast,N09000003,2.8,4.1,4,0,5.1
lacu:Causeway Coast and Glens,N09000004,4.2,2,3.8,-2.1,0.2
lacu:Derry City and Strabane,N09000005,2.9,1.7,5.7,1.4,6
lacu:Fermanagh and Omagh,N09000006,3.8,2.1,5.6,0.3,5
lacu:Lisburn and Castlereagh,N09000007,3.5,4.3,3.4,-0.8,3.5
lacu:Mid and East Antrim,N09000008,2.2,3.3,2.4,-3.1,3.1
lacu:Mid Ulster,N09000009,7.7,3.5,5,-0.9,5.1
"lacu:Newry, Mourne and Down",N09000010,4.3,3.8,4.8,0.4,5.2
lacu:Ards and North Down,N09000011,4.3,2.8,5.1,-0.3,4.5
itl121:North East (England),TLC,2.4,3.1,3.6,0.8,3
itl121:North West (England),TLD,3.3,3.9,4.2,0.6,3.2
itl121:Yorkshire and The Humber,TLE,3.3,4.3,3.6,0.4,3.1
itl121:East Midlands (England),TLF,3.8,3.9,4.2,0.9,3.4
itl121:West Midlands (England),TLG,2.2,4,3.4,0.3,3.4
itl121:East,TLH,3.5,4.4,3.7,-1.1,4.2
itl121:London,TLI,2.2,6.2,3.4,-1.6,4
itl121:South East (England),TLJ,3,4.2,3.8,-1.3,3.8
itl121:South West (England),TLK,3.1,4.7,4.5,-1,4.1
itl121:Wales,TLL,3.5,4.2,2.9,1.5,2.8
itl121:Scotland,TLM,2.3,3.1,4,-0.6,2.6
itl121:Northern Ireland,TLN,3.7,3.2,4.4,-0.4,4.5
itl221:Tees Valley and Durham,TLC1,2.5,3.2,3.4,1.2,3
"itl221:Northumberland, and Tyne and Wear",TLC2,2.3,3.1,3.9,0.5,2.9
itl221:Cumbria,TLD1,2.1,2.4,3.4,-0.6,2.8
itl221:Greater Manchester,TLD3,3.7,4.3,4.5,1,3.3
itl221:Lancashire,TLD4,3.3,3.3,4.5,1,3.2
itl221:Cheshire,TLD6,4.1,5.1,4.2,-0.7,3.6
itl221:Merseyside,TLD7,2.6,3.3,3.8,1.1,2.8
itl221:East Yorkshire and Northern Lincolnshire,TLE1,3.6,4.4,3.2,0.8,2.9
itl221:North Yorkshire,TLE2,3.4,5.1,3.6,-1.4,3.5
itl221:South Yorkshire,TLE3,3.3,4,3,0.8,2.8
itl221:West Yorkshire,TLE4,3.2,4.1,4.1,0.8,3.1
itl221:Derbyshire and Nottinghamshire,TLF1,3,3.8,4.1,0.9,3.2
"itl221:Leicestershire, Rutland and Northamptonshire",TLF2,4.8,3.8,4.2,1,3.5
itl221:Lincolnshire,TLF3,3.6,4,4.2,0.5,3.4
"itl221:Herefordshire, Worcestershire and Warwickshire",TLG1,1.7,4.1,3.5,-0.4,3.6
itl221:Shropshire and Staffordshire,TLG2,2.7,4.6,3.5,-0.1,3.7
itl221:West Midlands,TLG3,2.2,3.7,3.3,1,3.1
itl221:East Anglia,TLH1,3,4.1,4,-0.7,4
itl221:Bedfordshire and Hertfordshire,TLH2,3.6,4,3.2,-1.5,4.4
itl221:Essex,TLH3,4.1,5.3,3.8,-1,4.3
itl221:Inner London - West,TLI3,2.3,6.3,2,-4.6,5.6
itl221:Inner London - East,TLI4,3.1,6.6,4.6,-0.5,4.5
itl221:Outer London - East and North East,TLI5,2.8,5.8,3.9,0.2,3
itl221:Outer London - South,TLI6,1,6.5,3.5,-1.1,3.2
itl221:Outer London - West and North West,TLI7,1.4,5.9,3,-1.4,3.3
"itl221:Berkshire, Buckinghamshire and Oxfordshire",TLJ1,3.3,4,4.6,-1.3,3.8
"itl221:Surrey, East and West Sussex",TLJ2,2.9,4.3,3.3,-2.2,4.2
itl221:Hampshire and Isle of Wight,TLJ3,3.1,4.1,3.7,-1.1,3
itl221:Kent,TLJ4,3,4.2,3.7,-0.2,4.1
"itl221:Gloucestershire, Wiltshire and Bath/Bristol area",TLK1,2.7,5.2,4.6,-1.5,3.8
itl221:Dorset and Somerset,TLK2,2.9,4.5,4.6,-1.5,4.2
itl221:Cornwall and Isles of Scilly,TLK3,4.9,3,4.9,1.2,4.6
itl221:Devon,TLK4,3.4,4.5,4.2,-0.3,4.3
itl221:West Wales and The Valleys,TLL1,3.1,3.9,3,1.5,2.6
itl221:East Wales,TLL2,4.2,4.7,2.9,1.5,2.9
itl221:North Eastern Scotland,TLM5,0.2,2.4,3,-2.5,1.6
itl221:Highlands and Islands,TLM6,2,3.4,4.6,-1.1,3.1
itl221:Eastern Scotland,TLM7,2.9,3.6,4.8,-0.7,2.8
itl221:West Central Scotland,TLM8,2.5,2.9,3.3,0.1,2.5
itl221:Southern Scotland,TLM9,2.1,2.6,3.7,0.2,3
itl221:Northern Ireland,TLN0,3.7,3.2,4.4,-0.4,4.5
itl321:Hartlepool and Stockton-on-Tees,TLC11,2.4,2.7,3.8,1.1,3.1
itl321:South Teesside,TLC12,2.1,3.7,3,1,3.1
itl321:Darlington,TLC13,4.6,2,3.1,4.1,2.8
itl321:Durham,TLC14,2.4,3.4,3.4,0.7,3
itl321:Northumberland,TLC21,2.6,2.6,3.5,-0.3,3.3
itl321:Tyneside,TLC22,2.2,3.8,4.3,1,2.7
itl321:Sunderland,TLC23,2.4,1.4,3,0,3.1
itl321:West Cumbria,TLD11,1.6,1.8,3.1,0.8,2.6
itl321:East Cumbria,TLD12,2.5,2.9,3.6,-1.7,3
itl321:Manchester,TLD33,6.7,5.2,4.5,2.8,4.3
itl321:Greater Manchester South West,TLD34,2.7,4.5,5,0.4,4
itl321:Greater Manchester South East,TLD35,2.9,4.2,4.3,0,2.7
itl321:Greater Manchester North West,TLD36,4.5,3.2,3.9,1,2.8
itl321:Greater Manchester North East,TLD37,2.3,4.3,4.7,1,2.8
itl321:Blackburn with Darwen,TLD41,5,4.8,5.6,3.9,3.8
itl321:Blackpool,TLD42,3.5,1.8,3.8,0.1,1.9
itl321:Lancaster and Wyre,TLD44,4.4,3.6,3.9,1.3,3.4
itl321:Mid Lancashire,TLD45,2.9,3.5,4.5,0.5,3.6
itl321:East Lancashire,TLD46,2.3,2.6,3.9,0.8,2.5
itl321:Chorley and West Lancashire,TLD47,3,3.7,5.6,0.8,3.4
itl321:Warrington,TLD61,2.9,4.5,4.1,-0.6,2.4
itl321:Cheshire East,TLD62,4.2,5.9,4.6,-0.6,4.3
itl321:Cheshire West and Chester,TLD63,4.8,4.4,3.7,-0.9,3.2
itl321:East Merseyside,TLD71,3.6,3.8,5.5,1.4,2.3
itl321:Liverpool,TLD72,2.7,3.2,3,2.3,3.5
itl321:Sefton,TLD73,2.2,2.2,2.5,1.2,2.3
itl321:Wirral,TLD74,1.4,3.6,3.8,-0.9,3.1
"itl321:Kingston upon Hull, City of",TLE11,3.6,4.1,2.8,2.2,2.2
itl321:East Riding of Yorkshire,TLE12,3.4,5.1,3.3,0,3.5
itl321:North and North East Lincolnshire,TLE13,3.9,3.6,3.4,0.8,2.6
itl321:York,TLE21,3.4,5.7,3.6,-1.3,2.5
itl321:North Yorkshire CC,TLE22,3.4,4.9,3.6,-1.5,3.9
"itl321:Barnsley, Doncaster and Rotherham",TLE31,3.9,3.4,3.2,1.3,2.8
itl321:Sheffield,TLE32,2.4,4.7,2.7,0.2,2.8
itl321:Bradford,TLE41,2.4,2.6,3.9,1.4,2.5
itl321:Leeds,TLE42,3.4,5.1,4.6,0.7,3.4
itl321:Calderdale and Kirklees,TLE44,2.6,4.1,4,-0.4,2.6
itl321:Wakefield,TLE45,4.9,3.7,3.2,2.6,4.2
itl321:Derby,TLF11,4.4,4.1,4.1,0.1,2
itl321:East Derbyshire,TLF12,4.2,4.3,4.8,3,3.3
itl321:South and West Derbyshire,TLF13,2.1,3.6,3.8,-0.1,3.8
itl321:Nottingham,TLF14,2.2,3,4.8,2.3,3.1
itl321:North Nottinghamshire,TLF15,3.5,4.8,4,0.6,3.3
itl321:South Nottinghamshire,TLF16,2.4,3,3.7,0.8,3.3
itl321:Leicester,TLF21,3.8,2.6,3.5,4.2,4.1
itl321:Leicestershire CC and Rutland,TLF22,5.5,3.8,5.2,0.5,3.6
itl321:West Northamptonshire,TLF24,4.8,5.3,3.3,-0.3,3
itl321:North Northamptonshire,TLF25,3.9,2.9,3.8,1.7,3.4
itl321:Lincolnshire CC,TLF30,3.6,4,4.2,0.5,3.4
"itl321:Herefordshire, County of",TLG11,1.1,4.3,4.5,0.3,3.3
itl321:Worcestershire CC,TLG12,2.5,5.1,3.5,-0.2,3.4
itl321:Warwickshire CC,TLG13,1.1,3,3.1,-1,3.9
itl321:Telford and Wrekin,TLG21,1.5,4.1,4.1,1.9,4.6
itl321:Shropshire,TLG22,3,4.9,3.5,-0.8,3.8
itl321:Stoke-on-Trent,TLG23,2.8,5.1,2.6,0.1,2.1
itl321:Staffordshire CC,TLG24,2.8,4.4,3.5,-0.3,3.8
itl321:Birmingham,TLG31,1.9,3.5,3.6,1.6,3.4
itl321:Solihull,TLG32,2.4,4.1,3.2,-3.2,2.8
itl321:Coventry,TLG33,3.2,4.2,2.7,1.4,2.9
itl321:Dudley,TLG36,0.9,3.2,3,0.8,2.7
itl321:Sandwell,TLG37,2.1,3.4,3.9,1.6,3.4
itl321:Walsall,TLG38,3.7,4.3,2.3,0.9,3.3
itl321:Wolverhampton,TLG39,2.5,3.9,3.5,2,2.8
itl321:Peterborough,TLH11,3.1,3.5,4.5,1.1,4
itl321:Cambridgeshire CC,TLH12,2.8,4.3,4.4,-1.6,4.2
itl321:Suffolk CC,TLH14,2.8,4.1,2.8,-0.9,3.7
itl321:Norwich and East Norfolk,TLH15,2.1,3.8,4.2,0.3,3.8
itl321:North and West Norfolk,TLH16,4.2,4.5,5.1,-1.8,3.2
itl321:Breckland and South Norfolk,TLH17,4.6,4.2,5,0.7,4.8
itl321:Luton,TLH21,5.4,1.8,3.2,2.9,3
itl321:Hertfordshire CC,TLH23,3.3,4,2.9,-2.4,4.4
itl321:Bedford,TLH24,4.3,5,3.8,-0.2,4.5
itl321:Central Bedfordshire,TLH25,3.7,4.4,4.4,-0.7,4.9
itl321:Southend-on-Sea,TLH31,3.7,4.2,3.7,-0.8,4.1
itl321:Thurrock,TLH32,4.3,6.2,4.3,0.5,4
itl321:Essex Haven Gateway,TLH34,3.6,4.6,4,-0.6,4.6
itl321:West Essex,TLH35,5.8,6.8,3.8,-1.9,4.9
itl321:Heart of Essex,TLH36,3.7,4.7,3.6,-1.1,4.4
itl321:Essex Thames Gateway,TLH37,3.3,5.5,3.7,-1.4,3.1
itl321:Camden and City of London,TLI31,3.9,9.4,4.2,-4.8,6.3
itl321:Westminster,TLI32,1.2,5.1,1.3,-5.7,4.3
itl321:Kensington & Chelsea and Hammersmith & Fulham,TLI33,2.5,5.2,-0.2,-4.8,6.4
itl321:Wandsworth,TLI34,1.7,6.2,4,-2.7,4.9
itl321:Hackney and Newham,TLI41,3.9,7,5.4,1.3,4.8
itl321:Tower Hamlets,TLI42,3.4,6.9,5.3,-0.5,5.8
itl321:Haringey and Islington,TLI43,2.7,5.6,4.5,-2.3,4.2
itl321:Lewisham and Southwark,TLI44,3.8,6.8,4.2,0.4,4.7
itl321:Lambeth,TLI45,0.9,7.2,3.9,-1.5,3
itl321:Bexley and Greenwich,TLI51,2.2,5.1,4.7,0.1,2.6
itl321:Barking & Dagenham and Havering,TLI52,3.2,6.1,3.4,1.1,2.6
itl321:Redbridge and Waltham Forest,TLI53,4.3,6.9,3.2,-0.2,3.5
itl321:Enfield,TLI54,0.8,4.8,4.2,0.2,3.3
itl321:Bromley,TLI61,0.9,6.1,2.8,-1.8,3.2
itl321:Croydon,TLI62,2.3,6.5,3.9,0.7,2.4
"itl321:Merton, Kingston upon Thames and Sutton",TLI63,0.4,6.8,3.7,-1.7,3.6
itl321:Barnet,TLI71,1.8,6.4,2.7,-1.4,3.9
itl321:Brent,TLI72,2.2,6.6,2.5,-1.8,3
itl321:Ealing,TLI73,0,3.4,2.5,0.8,2.3
itl321:Harrow and Hillingdon,TLI74,1.8,5.1,2.7,-1.5,3.7
itl321:Hounslow and Richmond upon Thames,TLI75,1.3,7.3,4.1,-2.5,3.2
itl321:Berkshire,TLJ11,3.1,3.9,5.3,-0.9,3.2
itl321:Milton Keynes,TLJ12,4.4,4.9,2.4,1.2,3.3
itl321:Buckinghamshire,TLJ13,2.7,3.6,3.8,-2.9,4.8
itl321:Oxfordshire CC,TLJ14,3.7,4.3,5.3,-1.2,3.7
itl321:Brighton and Hove,TLJ21,3.7,4.5,3,-2.1,3.6
itl321:East Sussex CC,TLJ22,2,2.6,3.1,-1.1,4.3
itl321:West Surrey,TLJ25,2.9,5,3.3,-2.9,5.2
itl321:East Surrey,TLJ26,2.7,4,3.5,-2.7,4.2
itl321:West Sussex (South West),TLJ27,3.4,4.1,2.4,-1.2,4
itl321:West Sussex (North East),TLJ28,2.9,5.2,4,-2.1,2.3
itl321:Portsmouth,TLJ31,3.4,3.7,4.1,1.8,2.2
itl321:Southampton,TLJ32,4.7,3.8,3.4,-0.2,1.5
itl321:Isle of Wight,TLJ34,2.9,4.7,4.2,0.3,3.1
itl321:South Hampshire,TLJ35,1.8,3.5,3.8,-1.2,2.2
itl321:Central Hampshire,TLJ36,3.1,4.5,3.9,-2.3,4.1
itl321:North Hampshire,TLJ37,3.6,4.1,3.3,-1,3.4
itl321:Medway,TLJ41,2.6,3.3,3.9,1.2,3.4
itl321:Kent Thames Gateway,TLJ43,3.9,4.6,4.9,-0.1,4.2
itl321:East Kent,TLJ44,2.6,3.4,3.5,1.2,4.2
itl321:Mid Kent,TLJ45,3,4.4,3.8,0.1,4.6
itl321:West Kent,TLJ46,2.9,5,3.1,-2.5,4.1
"itl321:Bristol, City of",TLK11,4.3,4.7,5.9,-0.7,4
"itl321:Bath and North East Somerset, North Somerset and South Gloucestershire",TLK12,2,5.8,3.6,-2,3.8
itl321:Gloucestershire CC,TLK13,1.6,4.7,4.5,-1.8,4.1
itl321:Swindon,TLK14,2.8,4.6,4.6,-0.4,3
itl321:Wiltshire,TLK15,3.9,5.7,4.9,-1.7,3.6
itl321:Somerset CC,TLK23,3.3,4.6,4.7,-1,4.7
"itl321:Bournemouth, Christchurch and Poole",TLK24,2.8,4.4,4.6,-2.1,4.1
itl321:Dorset,TLK25,2.3,4.6,4.4,-1.7,3.7
itl321:Cornwall and Isles of Scilly,TLK30,4.9,3,4.9,1.2,4.6
itl321:Plymouth,TLK41,4.3,3.1,4,0.1,2.2
itl321:Torbay,TLK42,3,3.2,3.4,1.4,5
itl321:Devon CC,TLK43,3.3,5,4.4,-0.7,4.8
itl321:Isle of Anglesey,TLL11,2.6,3.1,1.4,1.1,3
itl321:Gwynedd,TLL12,2.6,2.6,2.7,0.8,3.4
itl321:Conwy and Denbighshire,TLL13,3.1,4.3,1.5,0.7,3
itl321:South West Wales,TLL14,2.3,4.1,2.9,0.8,3.5
itl321:Central Valleys,TLL15,4.1,4.3,3.1,1.5,2.6
itl321:Gwent Valleys,TLL16,2.3,4.2,3.8,1.8,2.2
itl321:Bridgend and Neath Port Talbot,TLL17,4.1,3.5,3.6,2.1,1.2
itl321:Swansea,TLL18,3.5,4,3.3,2.7,2.8
itl321:Monmouthshire and Newport,TLL21,3.3,5.6,3.7,0.7,2.7
itl321:Cardiff and Vale of Glamorgan,TLL22,4.9,5.6,2.9,2.5,3.4
itl321:Flintshire and Wrexham,TLL23,3.2,2.8,1.7,0.8,1.5
itl321:Powys,TLL24,5.7,3.8,3.7,0.8,4.5
itl321:Aberdeen City and Aberdeenshire,TLM50,0.2,2.4,3,-2.5,1.6
"itl321:Caithness and Sutherland, and Ross and Cromarty",TLM61,1.1,0.7,3.9,-0.4,3.5
"itl321:Inverness and Nairn, Moray, and Badenoch and Strathspey",TLM62,2.8,4.5,3.8,-1.5,2.8
"itl321:Lochaber, Skye and Lochalsh, Arran and Cumbrae, and Argyll and Bute",TLM63,1.9,4.1,6.9,-0.9,3.3
itl321:Na h-Eileanan Siar,TLM64,3,5.6,5.5,-2,2.3
itl321:Orkney Islands,TLM65,2.3,3.5,3.9,0.7,4.5
itl321:Shetland Islands,TLM66,-0.9,0.2,5.4,-1.1,2.3
itl321:Angus and Dundee City,TLM71,0.9,2.8,4.3,-1,1.8
itl321:Clackmannanshire and Fife,TLM72,2.6,1.7,3.6,0.2,2.7
itl321:East Lothian and Midlothian,TLM73,2,3.9,5,1.1,4.2
itl321:City of Edinburgh,TLM75,3.8,4.9,7.2,-1.6,3.2
itl321:Falkirk,TLM76,4.6,4.5,3.1,-1.8,1.4
"itl321:Perth and Kinross, and Stirling",TLM77,2.3,3.2,4,-1.4,2.5
itl321:West Lothian,TLM78,3.7,3.6,2.4,0.6,2.7
"itl321:East Dunbartonshire, West Dunbartonshire, and Helensburgh and Lomond",TLM81,4.1,3.8,1.6,-1.4,2.4
itl321:Glasgow City,TLM82,2.5,2.5,5,1.2,2.9
"itl321:Inverclyde, East Renfrewshire, and Renfrewshire",TLM83,2.1,3.1,2.3,-0.5,2.3
itl321:North Lanarkshire,TLM84,1.7,2.4,3,0,1.9
itl321:Scottish Borders,TLM91,2.3,1.4,5.4,-0.1,4.1
itl321:Dumfries and Galloway,TLM92,1,1.4,4.5,0,4.3
itl321:East Ayrshire and North Ayrshire mainland,TLM93,1.6,2.6,3.2,-0.2,2
itl321:South Ayrshire,TLM94,1.1,2,1.6,-0.7,2.9
itl321:South Lanarkshire,TLM95,3.4,4,3.8,1,2.6
itl321:Belfast,TLN06,2.8,4.1,4,0,5.1
"itl321:Armagh City, Banbridge and Craigavon",TLN07,3.2,3,4.6,0.4,5.6
"itl321:Newry, Mourne and Down",TLN08,4.3,3.8,4.8,0.4,5.2
itl321:Ards and North Down,TLN09,4.3,2.8,5.1,-0.3,4.5
itl321:Derry City and Strabane,TLN0A,2.9,1.7,5.7,1.4,6
itl321:Mid Ulster,TLN0B,7.7,3.5,5,-0.9,5.1
itl321:Causeway Coast and Glens,TLN0C,4.2,2,3.8,-2.1,0.2
itl321:Antrim and Newtownabbey,TLN0D,3.6,2.6,5.1,0,4.3
itl321:Lisburn and Castlereagh,TLN0E,3.5,4.3,3.4,-0.8,3.5
itl321:Mid and East Antrim,TLN0F,2.2,3.3,2.4,-3.1,3.1
itl321:Fermanagh and Omagh,TLN0G,3.8,2.1,5.6,0.3,5
lep:Black Country,E37000001,2.2,3.7,3.2,1.3,3
lep:Cheshire and Warrington,E37000003,4.1,5.1,4.2,-0.7,3.6
lep:Cornwall and Isles of Scilly,E37000005,4.9,3,4.9,1.2,4.6
lep:Coventry and Warwickshire,E37000006,1.7,3.3,3,-0.3,3.6
lep:Cumbria,E37000007,2.1,2.4,3.4,-0.6,2.8
lep:Dorset,E37000009,2.6,4.5,4.5,-1.9,3.9
lep:GFirst,E37000011,1.6,4.7,4.5,-1.8,4.1
lep:Greater Birmingham and Solihull,E37000012,2.3,4.3,3.1,0.5,3.2
lep:Greater Manchester,E37000015,3.7,4.3,4.5,1,3.3
lep:Heart of the South West,E37000016,3.4,4.5,4.4,-0.5,4.5
lep:Lancashire,E37000019,3.3,3.3,4.5,1,3.2
lep:Leicester and Leicestershire,E37000021,5.1,3.2,4.7,1.6,3.7
lep:Liverpool City Region,E37000022,2.6,3.3,3.8,1.1,2.8
lep:North East,E37000025,2.3,3.1,3.7,0.6,3
lep:Stoke-on-Trent and Staffordshire,E37000032,2.8,4.6,3.3,-0.2,3.5
lep:Swindon and Wiltshire,E37000033,3.6,5.4,4.8,-1.3,3.4
lep:Tees Valley,E37000034,2.6,3,3.4,1.6,3.1
lep:Thames Valley Berkshire,E37000035,3.1,3.9,5.3,-0.9,3.2
lep:The Marches,E37000036,2.1,4.5,3.9,0.2,3.9
lep:West of England,E37000037,2.8,5.4,4.5,-1.5,3.9
lep:Worcestershire,E37000038,2.5,5.1,3.5,-0.2,3.4
lep:Buckinghamshire,E37000043,2.7,3.6,3.8,-2.9,4.8
lep:Coast to Capital,E37000044,3.1,4.4,3.3,-2,3.6
lep:D2N2,E37000045,3,3.8,4.1,0.9,3.2
lep:Enterprise M3,E37000046,3.1,4.9,3.4,-2.4,4.6
lep:Hertfordshire,E37000048,3.3,4,2.9,-2.4,4.4
lep:The London Economic Action Partnership,E37000051,2.2,6.2,3.4,-1.6,4
lep:New Anglia,E37000052,3.1,4.1,3.8,-0.5,3.8
lep:OxLEP,E37000053,3.7,4.3,5.3,-1.2,3.7
lep:South Yorkshire,E37000054,3.3,4,3,0.8,2.8
lep:Solent,E37000055,2.9,3.5,3.9,-0.6,2.4
lep:South East,E37000056,3.3,4.5,3.7,-0.7,4.2
lep:South East Midlands,E37000057,4.4,4.2,3.5,0.6,3.6
lep:York and North Yorkshire,E37000058,3.4,5.1,3.6,-1.4,3.5
lep:The Business Board,E37000059,2.8,4.2,4.4,-1,4.2
lep:Greater Lincolnshire,E37000060,3.7,4.1,4.1,0.4,3.2
lep:Hull and East Yorkshire,E37000061,3.5,4.7,3.1,0.8,3
lep:Leeds City Region,E37000062,3.2,4.1,4.1,0.8,3.1
